{
"lengthUnit": "mil",
"components": {
	"fields": ["COMPONENT_NO", "COMPONENT_NAME", "LAYER", "X_COORDINATE", "Y_COORDINATE", "ANGLE"],
	"rows": [
		[1, "...", "T", 1725, 1240, 0],
		[2, "CN1", "B", 376.69, 746.8, 270],
		[3, "CN2", "B", 134.56, 746.8, 270],
		[4, "CN3", "B", 376.69, 445.62, 270],
		[5, "CN4", "B", 134.56, 445.62, 270],
		[6, "CN5", "B", 376.69, 144.44, 270],
		[7, "CN6", "B", 134.56, 144.44, 270],
		[8, "JP1", "T", 105, 940, 180],
		[9, "JP2", "T", 105, 1000, 180],
		[10, "R1", "T", 145, 1220, 225],
		[11, "R2", "T", 475, 1320, 180],
		[12, "U1", "T", 1250.27, 1243.43, 0]
	]
},
"pins": {
	"fields": ["PIN_NO", "PIN_NAME", "PIN_X", "PIN_Y", "LAYER", "PIN_TYPE", "NET_NAME", "NET_TYPE", "PAD_SHAPE", "PAD_SIZEX", "PAD_SIZEY", "HOLE_SIZE", "PAD_ANGLE"],
	"rows": [
		[1, "..._1", 1703.54, 1240, "T", "SMD", "GND", "GND", "R", 27.56, 21.26, 0, 0],
		[2, "..._2", 1746.46, 1240, "T", "SMD", "GND", "GND", "R", 27.56, 21.26, 0, 0],
		[3, "CN1_1", 376.69, 696.8, "T", "DIP", "FHB", "", "C", 66.93, 66.93, 39.37, 90],
		[4, "CN1_1", 376.69, 696.8, "B", "DIP", "FHB", "", "C", 66.93, 66.93, 39.37, 90],
		[5, "CN1_2", 376.69, 796.8, "T", "DIP", "FHB-G", "", "C", 66.93, 66.93, 39.37, 90],
		[6, "CN1_2", 376.69, 796.8, "B", "DIP", "FHB-G", "", "C", 66.93, 66.93, 39.37, 90],
		[7, "CN2_1", 134.56, 696.8, "T", "DIP", "FPC", "", "C", 66.93, 66.93, 39.37, 90],
		[8, "CN2_1", 134.56, 696.8, "B", "DIP", "FPC", "", "C", 66.93, 66.93, 39.37, 90],
		[9, "CN2_2", 134.56, 796.8, "T", "DIP", "FPC-G", "", "C", 66.93, 66.93, 39.37, 90],
		[10, "CN2_2", 134.56, 796.8, "B", "DIP", "FPC-G", "", "C", 66.93, 66.93, 39.37, 90],
		[11, "CN3_1", 376.69, 395.62, "T", "DIP", "FPC", "", "C", 66.93, 66.93, 39.37, 90],
		[12, "CN3_1", 376.69, 395.62, "B", "DIP", "FPC", "", "C", 66.93, 66.93, 39.37, 90],
		[13, "CN3_2", 376.69, 495.62, "T", "DIP", "FPC-G", "", "C", 66.93, 66.93, 39.37, 90],
		[14, "CN3_2", 376.69, 495.62, "B", "DIP", "FPC-G", "", "C", 66.93, 66.93, 39.37, 90],
		[15, "CN4_1", 134.56, 395.62, "T", "DIP", "FPC", "", "C", 66.93, 66.93, 39.37, 90],
		[16, "CN4_1", 134.56, 395.62, "B", "DIP", "FPC", "", "C", 66.93, 66.93, 39.37, 90],
		[17, "CN4_2", 134.56, 495.62, "T", "DIP", "FPC-G", "", "C", 66.93, 66.93, 39.37, 90],
		[18, "CN4_2", 134.56, 495.62, "B", "DIP", "FPC-G", "", "C", 66.93, 66.93, 39.37, 90],
		[19, "CN5_1", 376.69, 94.44, "T", "DIP", "TL", "", "C", 66.93, 66.93, 39.37, 90],
		[20, "CN5_1", 376.69, 94.44, "B", "DIP", "TL", "", "C", 66.93, 66.93, 39.37, 90],
		[21, "CN5_2", 376.69, 194.44, "T", "DIP", "TL-G", "", "C", 66.93, 66.93, 39.37, 90],
		[22, "CN5_2", 376.69, 194.44, "B", "DIP", "TL-G", "", "C", 66.93, 66.93, 39.37, 90],
		[23, "CN6_1", 134.56, 94.44, "T", "DIP", "TL", "", "C", 66.93, 66.93, 39.37, 90],
		[24, "CN6_1", 134.56, 94.44, "B", "DIP", "TL", "", "C", 66.93, 66.93, 39.37, 90],
		[25, "CN6_2", 134.56, 194.44, "T", "DIP", "TL-G", "", "C", 66.93, 66.93, 39.37, 90],
		[26, "CN6_2", 134.56, 194.44, "B", "DIP", "TL-G", "", "C", 66.93, 66.93, 39.37, 90],
		[27, "JP1_1", 126.46, 940, "T", "SMD", "TL", "", "R", 27.56, 21.26, 0, 180],
		[28, "JP1_2", 83.54, 940, "T", "SMD", "TL", "", "R", 27.56, 21.26, 0, 180],
		[29, "JP2_1", 126.46, 1000, "T", "SMD", "TL", "", "R", 27.56, 21.26, 0, 180],
		[30, "JP2_2", 83.54, 1000, "T", "SMD", "TL", "", "R", 27.56, 21.26, 0, 180],
		[31, "R1_1", 245.22, 1320.22, "T", "DIP", "TL", "", "C", 47.24, 47.24, 31.5, 225],
		[32, "R1_1", 245.22, 1320.22, "B", "DIP", "TL", "", "C", 47.24, 47.24, 31.5, 225],
		[33, "R1_2", 44.78, 1119.78, "T", "DIP", "TL", "", "C", 47.24, 47.24, 31.5, 225],
		[34, "R1_2", 44.78, 1119.78, "B", "DIP", "TL", "", "C", 47.24, 47.24, 31.5, 225],
		[35, "R2_1", 616.73, 1320, "T", "DIP", "TL", "", "C", 47.24, 47.24, 31.5, 180],
		[36, "R2_1", 616.73, 1320, "B", "DIP", "TL", "", "C", 47.24, 47.24, 31.5, 180],
		[37, "R2_2", 333.27, 1320, "T", "DIP", "TL", "", "C", 47.24, 47.24, 31.5, 180],
		[38, "R2_2", 333.27, 1320, "B", "DIP", "TL", "", "C", 47.24, 47.24, 31.5, 180],
		[39, "U1_1", 1033.74, 1243.43, "T", "DIP", "FHB", "", "R", 62.99, 62.99, 31.5, 0],
		[40, "U1_1", 1033.74, 1243.43, "B", "DIP", "FHB", "", "R", 62.99, 62.99, 31.5, 0],
		[41, "U1_2", 1120.35, 1243.43, "T", "DIP", "FHB-G", "", "C", 62.99, 62.99, 47.24, 0],
		[42, "U1_2", 1120.35, 1243.43, "B", "DIP", "FHB-G", "", "C", 62.99, 62.99, 47.24, 0],
		[43, "U1_3", 1206.97, 1243.43, "T", "DIP", "FPC", "", "C", 62.99, 62.99, 47.24, 0],
		[44, "U1_3", 1206.97, 1243.43, "B", "DIP", "FPC", "", "C", 62.99, 62.99, 47.24, 0],
		[45, "U1_4", 1293.58, 1243.43, "T", "DIP", "FPC-G", "", "C", 62.99, 62.99, 47.24, 0],
		[46, "U1_4", 1293.58, 1243.43, "B", "DIP", "FPC-G", "", "C", 62.99, 62.99, 47.24, 0],
		[47, "U1_5", 1380.2, 1243.43, "T", "DIP", "TL", "", "C", 62.99, 62.99, 47.24, 0],
		[48, "U1_5", 1380.2, 1243.43, "B", "DIP", "TL", "", "C", 62.99, 62.99, 47.24, 0],
		[49, "U1_6", 1466.81, 1243.43, "T", "DIP", "TL-G", "", "C", 62.99, 62.99, 31.5, 0],
		[50, "U1_6", 1466.81, 1243.43, "B", "DIP", "TL-G", "", "C", 62.99, 62.99, 31.5, 0]
	]
}
}